Question,Answer A,Answer B,Correct Question A,Correct Question B
소스 테이스팅 이벤트,다른 사람들과 함께 소스에 대한 이야기를 나누며 즐거운 시간을 보내고 싶다.,조용한 공간에서 집중해서 소스의 맛을 느끼고 싶다.,Answer E,Answer I
소스 선택 (파티),파티에서 가장 인기 있는 소스를 찾아 친구들에게 소개하고 싶다.,조용한 곳에서 다양한 소스를 혼자 맛보며 나만의 즐거움을 찾고 싶다.,Answer E,Answer I
소스 추천 (SNS),새로운 소스를 맛본 후 SNS에 후기를 남기고 친구들에게 추천하고 싶다.,나만의 비밀 소스 레시피를 만들어 가까운 사람에게만 조용히 알려주고 싶다.,Answer E,Answer I
오픈 채팅방에서,다양한 주제로 활발하게 의견을 개진하며 대화를 이어간다.,잠시 생각한 후 신중하게 댓글을 남기는 편이다.,Answer E,Answer I
새로운 동호회에 가입했을 때,적극적으로 활동하며 새로운 사람들과 친해지려고 노력한다.,잠시 둘러보며 분위기를 파악한 후 천천히 활동을 시작한다.,Answer E,Answer I
회식 자리에서,"활발하게 의견을 내고, 동료들과 토론하며 아이디어를 발전시킨다.","조용히 경청하고, 필요한 경우에만 의견을 제시한다.",Answer E,Answer I
팀 회의에서 의견을 공유하는 방식,"활발하게 의견을 내고, 동료들과 토론하며 아이디어를 발전시킨다.","조용히 경청하고, 필요한 경우에만 의견을 제시한다.",Answer E,Answer I
새로운 프로젝트에 대한 참여 태도,팀원들과 함께 아이디어를 논의하며 적극적으로 참여한다.,혼자 집중하며 자신의 역할에 필요한 부분을 차분히 준비한다.,Answer E,Answer I
네트워킹 이벤트에서,다양한 사람들과 이야기하며 관계를 넓히는 것을 즐긴다.,몇몇 익숙한 사람들과 깊이 있는 대화를 나눈다.,Answer E,Answer I
신제품 소스,소스의 성분표를 꼼꼼히 확인하고 건강에도 좋은지 따져본다.,이 소스로 어떤 새로운 요리를 만들 수 있을지 상상하며 기대감을 느낀다.,Answer S,Answer N
소스 선택 기준,소스의 색깔과 향을 보고 맛을 예상하고 선택한다.,소스의 이름이나 독특한 조합에 끌려 선택한다.,Answer S,Answer N
소스 맛 평가,"혀에 닿는 순간의 느낌, 뒷맛, 재료의 조화 등을 구체적으로 설명한다.","이 소스를 먹으면 어떤 상상이 떠오르는지, 어떤 감정을 느끼는지 이야기한다.",Answer S,Answer N
미래에 대한 상상,현실적인 목표를 설정하고 단계별 계획을 세운다.,새로운 가능성을 탐색하며 미래에 대한 다양한 상상을 한다.,Answer S,Answer N
새로운 아이디어를 얻을 때,과거의 경험과 데이터를 바탕으로 아이디어를 구체화한다.,독창적인 아이디어를 떠올리기 위해 다양한 분야의 정보를 수집한다.,Answer S,Answer N
스트레스를 해소할 때,자연 속에서 산책을 하거나 운동을 하며 몸을 움직인다.,새로운 책을 읽거나 음악을 감상하며 정신적인 안정을 찾는다.,Answer S,Answer N
문제 해결 방식,현실적인 데이터를 기반으로 명확하고 실행 가능한 솔루션을 찾는다., 문제의 근본적인 원인을 분석하고 창의적인 아이디어를 제시한다.,Answer S,Answer N
새로운 기능을 기획할 때,고객이 요구하는 명확한 기능과 실제 사용 사례를 중점으로 기획한다.,제품의 미래 가능성과 잠재적인 사용 시나리오를 상상하며 기획한다.,Answer S,Answer N
신제품 론칭 준비 시,실질적인 기능과 성능을 검토하며 출시 준비를 철저히 한다,시장의 반응과 제품이 가져올 장기적인 변화를 기대한다.,Answer S,Answer N
소스 선택 (고려사항),소스의 가격과 양을 비교하여 가장 효율적인 선택을 한다.,이 소스를 먹으면서 함께하는 사람들과 더욱 친해질 수 있을지 고려한다.,Answer T,Answer F
소스 추천 (장단점),"이 소스의 장점과 단점을 객관적으로 설명하고, 이 소스가 어떤 음식과 잘 어울리는지 구체적으로 알려준다.",이 소스를 먹으면 기분이 좋아지고 행복해질 것 같아서 추천한다.,Answer T,Answer F
소스 피드백,소스의 맛을 객관적인 기준으로 평가하고 개선점을 제시한다.,"소스를 먹으면서 느낀 감정을 솔직하게 이야기하고, 더 나은 소스를 만들 수 있도록 격려한다.",Answer T,Answer F
선물을 선택할 때,상대방의 필요와 취향을 고려하여 실용적인 선물을 선택한다.,상대방에게 감동을 줄 수 있는 특별한 선물을 선택한다.,Answer T,Answer F
영화를 볼 때,영화의 스토리와 구성을 분석하며 비판적인 시각으로 본다.,영화 속 캐릭터의 감정에 공감하고 스토리에 몰입한다.,Answer T,Answer F
팀 프로젝트에서 갈등이 생겼을 때,객관적인 사실을 바탕으로 문제를 분석하고 해결책을 제시한다.,팀원들의 감정을 이해하고 공감하며 해결 방안을 모색한다.,Answer T,Answer F
팀원에게 피드백을 줄 때,구체적이고 논리적인 근거를 바탕으로 피드백을 제공한다.,상대방의 감정을 고려하며 부드럽게 피드백을 전달한다.,Answer T,Answer F
결정을 내릴 때,데이터와 논리를 기반으로 가장 효율적인 선택을 한다.,팀의 분위기와 구성원들의 감정을 고려하여 선택한다.,Answer T,Answer F
문제를 처리할 때,상황을 객관적으로 분석하고 최적의 해결책을 제시한다.,팀원들의 고민과 불편함을 우선적으로 이해하고 조율한다.,Answer T,Answer F
음식 선택,"메뉴판을 보고 미리 소스를 정하고, 음식과 함께 낸 소스만 사용한다.","음식을 먹으면서 다양한 소스를 곁들여 맛을 비교하고, 새로운 조합을 찾아본다.",Answer J,Answer P
소스 활용 방식,"미리 계획한 메뉴에 맞춰 소스를 사용하고, 정해진 양만큼 사용한다.","요리 중간에 맛을 보며 소스의 양을 조절하고, 새로운 조합을 시도해본다.",Answer J,Answer P
소스 보관,"소스별로 종류를 나누어 정리하고, 유통기한을 꼼꼼히 확인한다.",냉장고 문에 자주 사용하는 소스를 붙여놓고 필요할 때마다 꺼내 쓴다.,Answer J,Answer P
새로운 취미를 시작할 때,관련 정보를 충분히 조사하고 체계적인 계획을 세운 후 시작한다.,우선 경험해 보고 재미있으면 꾸준히 이어나간다.,Answer J,Answer P
여행 계획을 세울 때,상세한 일정과 예산을 계획하고 꼼꼼하게 준비한다.,여행 중에 자유롭게 일정을 변경하며 즉흥적으로 즐긴다.,Answer J,Answer P
프로젝트를 진행할 때,명확한 계획과 일정에 따라 체계적으로 진행한다., 상황에 따라 유연하게 접근하며 변화에 대응한다.,Answer J,Answer P
데드라인이 다가올 때,미리 준비를 완료하고 데드라인 전에 안정적으로 마무리한다.,데드라인 가까이에 집중해서 마무리하며 유연성을 유지한다.,Answer J,Answer P
업무 환경 선호,정해진 프로세스와 체계가 명확한 환경에서 일하기를 선호한다., 자유롭고 변화가 많은 환경에서 창의적으로 일하기를 선호한다.,Answer J,Answer P